world_timestamp,world_index,gaze_timestamp,x_norm,y_norm,x_scaled,y_scaled,on_surf,confidence
24119.040971,1,24119.047424,3.015637136119002,-4.255427468028928,3.015637136119002,-4.255427468028928,False,0.0
24119.088971,2,24119.079457,3.98933171937351,-6.721283771648147,3.98933171937351,-6.721283771648147,False,0.0
24119.088971,2,24119.111662,0.14018919333606272,0.39434517998300583,0.14018919333606272,0.39434517998300583,True,0.9805668716486937
24119.134787,3,24119.143446000002,0.138188120513332,0.39019061998158655,0.138188120513332,0.39019061998158655,True,0.9638903502448166
24119.180839,4,24119.176705,3.0105405897001822,-4.246086036048845,3.0105405897001822,-4.246086036048845,False,0.0
24119.225906,5,24119.211416000002,3.0115730688467894,-4.248514889292416,3.0115730688467894,-4.248514889292416,False,0.0
24119.225906,5,24119.243443,3.0115730688467894,-4.248514889292416,3.0115730688467894,-4.248514889292416,False,0.0
24119.268876000002,6,24119.275479,3.014717166372397,-4.253834588571781,3.014717166372397,-4.253834588571781,False,0.0
24119.311411,7,24119.307437,3.0227378453295763,-4.270228125926883,3.0227378453295763,-4.270228125926883,False,0.0
24119.353748,8,24119.339309,3.0290806168230087,-4.281260345204279,3.0290806168230087,-4.281260345204279,False,0.0
24119.353748,8,24119.371373,3.0290806168230087,-4.281260345204279,3.0290806168230087,-4.281260345204279,False,0.0
24119.397265,9,24119.40749,0.42630811259791473,2.827953264912041,0.42630811259791473,2.827953264912041,False,0.0
24119.439583,10,24119.439354000002,0.42569876074640045,2.8281237574611313,0.42569876074640045,2.8281237574611313,False,0.0
24119.481859,11,24119.471467,0.4257541382657444,2.8275106763473947,0.4257541382657444,2.8275106763473947,False,0.0
24119.523276,12,24119.503491,0.42538578406067495,2.8287936577134625,0.42538578406067495,2.8287936577134625,False,0.0
24119.523276,12,24119.53554,0.4253866907147936,2.8287940730162733,0.4253866907147936,2.8287940730162733,False,0.0
24119.565352,13,24119.56735,0.42575662772962425,2.828228663457907,0.42575662772962425,2.828228663457907,False,0.0
24119.606833,14,24119.599482,0.426005783970474,2.825787071622058,0.426005783970474,2.825787071622058,False,0.0
24119.648465000002,15,24119.635446,0.4259184474880047,2.823834051252149,0.4259184474880047,2.823834051252149,False,0.0
24119.648465000002,15,24119.667437,0.425919181211567,2.8238320702786046,0.425919181211567,2.8238320702786046,False,0.0
24119.690533,16,24119.69948,0.42475226075611483,2.824016419164332,0.42475226075611483,2.824016419164332,False,0.0
24119.746619,17,24119.731356,0.42236166008346326,2.8198449244877684,0.42236166008346326,2.8198449244877684,False,0.0
24119.746619,17,24119.763478,0.4223621164425463,2.819842413602734,0.4223621164425463,2.819842413602734,False,0.0
24119.791805,18,24119.795433,0.4225369493364875,2.818426876202012,0.4225369493364875,2.818426876202012,False,0.0
24119.83491,19,24119.831369,0.4248864417227848,2.8268783125315378,0.4248864417227848,2.8268783125315378,False,0.0
24119.876988,20,24119.863414,0.4254708437797481,2.8284020552159594,0.4254708437797481,2.8284020552159594,False,0.0
24119.876988,20,24119.895401,0.4254724505358922,2.8284037624818517,0.4254724505358922,2.8284037624818517,False,0.0
24119.918794,21,24119.927443,0.4268150992841055,2.8249093582926226,0.4268150992841055,2.8249093582926226,False,0.0
24119.96087,22,24119.959288000002,0.4264817497749549,2.823998942014193,0.4264817497749549,2.823998942014193,False,0.0
24120.001894,23,24119.991296,0.4266438290569743,2.822493039118373,0.4266438290569743,2.822493039118373,False,0.0
24120.001894,23,24120.023391,0.42664405994327775,2.8224917274379298,0.42664405994327775,2.8224917274379298,False,0.0
24120.051745,24,24120.05929,0.4268110826306167,2.8229530151357096,0.4268110826306167,2.8229530151357096,False,0.0
24120.094215,25,24120.091462,0.42584353314688633,2.8282579549238585,0.42584353314688633,2.8282579549238585,False,0.0
24120.135551,26,24120.123468,0.4259825660820004,2.828348672030353,0.4259825660820004,2.828348672030353,False,0.0
24120.135551,26,24120.15529,0.4259824003177633,2.8283461723319534,0.4259824003177633,2.8283461723319534,False,0.0
24120.175713,27,24120.187331,0.4266917868653057,2.8254047923493166,0.4266917868653057,2.8254047923493166,False,0.0
24120.217713000002,28,24120.219432,0.42683893627767105,2.824687511896394,0.42683893627767105,2.824687511896394,False,0.0
24120.257778,29,24120.255427,0.426768643099673,2.8233603273107652,0.426768643099673,2.8233603273107652,False,0.0
24120.30269,30,24120.287467000002,0.4220072217859164,2.8015962543265056,0.4220072217859164,2.8015962543265056,False,0.0
24120.30269,30,24120.319375,0.4220066430061503,2.801598248388179,0.4220066430061503,2.801598248388179,False,0.0
24120.345034,31,24120.351374,0.4234720282880459,2.811309282211366,0.4234720282880459,2.811309282211366,False,0.0
24120.385127,32,24120.383328,0.423559466908298,2.8125949288934184,0.423559466908298,2.8125949288934184,False,0.0
24120.426985000002,33,24120.415488000002,0.4230162339978466,2.808490630453545,0.4230162339978466,2.808490630453545,False,0.0
24120.426985000002,33,24120.447382000002,0.4230162547700085,2.8084928443707127,0.4230162547700085,2.8084928443707127,False,0.0
24120.468249,34,24120.483404000002,0.42752160415450735,2.824963548217494,0.42752160415450735,2.824963548217494,False,0.0
24120.508981,35,24120.516302,0.4214295137071109,2.7998109818547414,0.4214295137071109,2.7998109818547414,False,0.0
24120.551181,36,24120.54746,0.423062338414816,2.8087430305416965,0.423062338414816,2.8087430305416965,False,0.0
24120.595137,37,24120.579415,0.4237603995932337,2.8106639562431734,0.4237603995932337,2.8106639562431734,False,0.0
24120.595137,37,24120.61135,0.4237604311200618,2.8106634263962347,0.4237604311200618,2.8106634263962347,False,0.0
24120.635378,38,24120.643574,0.42607700301000595,2.8211552148006684,0.42607700301000595,2.8211552148006684,False,0.0
24120.677789,39,24120.679457000002,0.42870017192796916,2.8260042451853584,0.42870017192796916,2.8260042451853584,False,0.0
24120.717886,40,24120.711548,0.4254132909331432,2.817724045894616,0.4254132909331432,2.817724045894616,False,0.0
24120.759644,41,24120.743397000002,0.42471827212361923,2.8181871166665178,0.42471827212361923,2.8181871166665178,False,0.0
24120.759644,41,24120.775321,0.42471692167706077,2.8181891097420304,0.42471692167706077,2.8181891097420304,False,0.0
24120.801181,42,24120.807444000002,0.42468336886502267,2.8164076183513123,0.42468336886502267,2.8164076183513123,False,0.0
24120.84277,43,24120.839448,0.4279526248521872,2.827499477171644,0.4279526248521872,2.827499477171644,False,0.0
24120.884109,44,24120.871474,0.42861321505517863,2.826022418850945,0.42861321505517863,2.826022418850945,False,0.0
24120.925703,45,24120.907378,0.4262251439694825,2.8205100146146864,0.4262251439694825,2.8205100146146864,False,0.0
24120.925703,45,24120.939389,0.42622464483971856,2.8205106301449736,0.42622464483971856,2.8205106301449736,False,0.0
24120.966563,46,24120.971378000002,0.42855417930648015,2.825218004935571,0.42855417930648015,2.825218004935571,False,0.0
24121.007759,47,24121.003476,0.42552974386286335,2.8163873842171343,0.42552974386286335,2.8163873842171343,False,0.0
24121.049139,48,24121.035419,0.4241688339985537,2.811494933482684,0.4241688339985537,2.811494933482684,False,0.0
24121.049139,48,24121.067401,0.42417005824766923,2.8114950157659377,0.42417005824766923,2.8114950157659377,False,0.0
24121.09123,49,24121.103466,0.42499433466840664,2.813844856893122,0.42499433466840664,2.813844856893122,False,0.0
24121.132863,50,24121.135378,0.42419103697231475,2.8101846369037173,0.42419103697231475,2.8101846369037173,False,0.0
24121.173467,51,24121.167574,0.42736253689650816,2.823062663120613,0.42736253689650816,2.823062663120613,False,0.0
24121.215361,52,24121.19945,0.4234349324676936,2.8153738871118588,0.4234349324676936,2.8153738871118588,False,0.0
24121.215361,52,24121.231462,0.42343473880460464,2.815369385612672,0.42343473880460464,2.815369385612672,False,0.0
24121.256768,53,24121.263529,0.426601130602338,2.831248057036439,0.426601130602338,2.831248057036439,False,0.0
24121.30041,54,24121.29539,0.4272927462579639,2.8293227770401175,0.4272927462579639,2.8293227770401175,False,0.0
24121.341535,55,24121.331613000002,0.42694187509906456,2.829997618721007,0.42694187509906456,2.829997618721007,False,0.0
24121.383315,56,24121.363324,0.42446234218800344,2.8136533924711933,0.42446234218800344,2.8136533924711933,False,0.0
24121.383315,56,24121.395484,0.4244618858448639,2.8136558955580946,0.4244618858448639,2.8136558955580946,False,0.0
24121.425376,57,24121.427467,0.42443410237521273,2.81317233610574,0.42443410237521273,2.81317233610574,False,0.0
24121.46562,58,24121.459482000002,0.42237725339216564,2.8030582558612775,0.42237725339216564,2.8030582558612775,False,0.0
24121.50786,59,24121.491425,0.4236393459674618,2.812294130081253,0.4236393459674618,2.812294130081253,False,0.0
24121.50786,59,24121.527353,0.42363898584172,2.812297596025534,0.42363898584172,2.812297596025534,False,0.0
24121.549536,60,24121.559379000002,0.42603011414570297,2.814777876240722,0.42603011414570297,2.814777876240722,False,0.0
24121.591056,61,24121.591309,0.4291269314804411,2.8249043544792136,0.4291269314804411,2.8249043544792136,False,0.0
24121.631154,62,24121.623462,0.42536234907574627,2.8148879457097338,0.42536234907574627,2.8148879457097338,False,0.0
24121.673103,63,24121.655464,0.4250105808532281,2.8108965681674922,0.4250105808532281,2.8108965681674922,False,0.0
24121.673103,63,24121.687365,0.425009554060653,2.8108983278330464,0.425009554060653,2.8108983278330464,False,0.0
24121.714404000002,64,24121.719439,0.428143037061361,2.8224783381274015,0.428143037061361,2.8224783381274015,False,0.0
24121.755839,65,24121.75533,0.43084461832796667,2.816393104889216,0.43084461832796667,2.816393104889216,False,0.0
24121.797044,66,24121.787385,0.4297522329250183,2.8114278352813984,0.4297522329250183,2.8114278352813984,False,0.0
24121.836799,67,24121.819465,0.429199178847645,2.8107681051829325,0.429199178847645,2.8107681051829325,False,0.0
24121.836799,67,24121.851493000002,0.42919846041328996,2.810772524858941,0.42919846041328996,2.810772524858941,False,0.0
24121.878147,68,24121.883425,0.4291560840571995,2.8138858937858338,0.4291560840571995,2.8138858937858338,False,0.0
24121.919486,69,24121.915407,0.42956235896767014,2.8160820987855084,0.42956235896767014,2.8160820987855084,False,0.0
24121.961125,70,24121.94767,0.43159634618355813,2.8192524004959307,0.43159634618355813,2.8192524004959307,False,0.0
24122.001045,71,24121.98348,0.43263295804247764,2.820249648443388,0.43263295804247764,2.820249648443388,False,0.0
24122.001045,71,24122.015487,0.432633911239074,2.820251918046815,0.432633911239074,2.820251918046815,False,0.0
24122.042075,72,24122.047408000002,0.4326940770899649,2.8174106253739004,0.4326940770899649,2.8174106253739004,False,0.0
24122.083122,73,24122.079472,0.4307036029284094,2.8111727568680966,0.4307036029284094,2.8111727568680966,False,0.0
24122.12303,74,24122.111401000002,0.43311326067654266,2.817555489017137,0.43311326067654266,2.817555489017137,False,0.0
24122.12303,74,24122.14339,0.43311327747613915,2.8175551970425126,0.43311327747613915,2.8175551970425126,False,0.0
24122.165359,75,24122.179368,0.4325682832904574,2.817611589177704,0.4325682832904574,2.817611589177704,False,0.0
24122.206907,76,24122.211459000002,0.43262472373497857,2.82179856170518,0.43262472373497857,2.82179856170518,False,0.0
24122.247910000002,77,24122.24351,0.43454863306431324,2.8207376751738473,0.43454863306431324,2.8207376751738473,False,0.0
24122.288361,78,24122.275431000002,0.4374917485512552,2.8161444559841717,0.4374917485512552,2.8161444559841717,False,0.0
24122.288361,78,24122.307394,0.4374914590502199,2.816141382814012,0.4374914590502199,2.816141382814012,False,0.0
24122.33346,79,24122.339327,0.4373181967423021,2.816978253004697,0.4373181967423021,2.816978253004697,False,0.0
24122.374958,80,24122.371331000002,0.43602740527466427,2.8204199250546624,0.43602740527466427,2.8204199250546624,False,0.0
24122.416383,81,24122.407478,0.4329356189958295,2.814612958515484,0.4329356189958295,2.814612958515484,False,0.0
24122.46049,82,24122.439421,0.43705603428822265,2.821940199384998,0.43705603428822265,2.821940199384998,False,0.0
24122.46049,82,24122.471467,0.43705603428822265,2.821940199384998,0.43705603428822265,2.821940199384998,False,0.0
24122.503933,83,24122.503363,0.4378560090091212,2.819501464177382,0.4378560090091212,2.819501464177382,False,0.0
24122.547846,84,24122.535474,0.43872515834609904,2.8167993697057816,0.43872515834609904,2.8167993697057816,False,0.0
24122.547846,84,24122.567313,0.43872515834609904,2.8167993697057816,0.43872515834609904,2.8167993697057816,False,0.0
24122.591646,85,24122.603571,0.43871200882263833,2.813039780845576,0.43871200882263833,2.813039780845576,False,0.0
24122.632906,86,24122.635461,0.43846536904536365,2.814282658503897,0.43846536904536365,2.814282658503897,False,0.0
24122.673504,87,24122.667621,0.43895957588140005,2.818937523288722,0.43895957588140005,2.818937523288722,False,0.0
24122.716051,88,24122.699448,0.44028808871659514,2.8270262984742796,0.44028808871659514,2.8270262984742796,False,0.0
24122.716051,88,24122.731350000002,0.4402026475371189,2.8270671877706595,0.4402026475371189,2.8270671877706595,False,0.0
24122.757757,89,24122.763358,0.440965074731746,2.81755310810436,0.440965074731746,2.81755310810436,False,0.0
24122.798403,90,24122.795539,0.44034795376330155,2.819957543009322,0.44034795376330155,2.819957543009322,False,0.0
24122.840491,91,24122.831448,0.4399163441125399,2.8205872995827788,0.4399163441125399,2.8205872995827788,False,0.0
24122.883189,92,24122.863408,0.43996539782826544,2.8188172318966322,0.43996539782826544,2.8188172318966322,False,0.0
24122.883189,92,24122.895454,0.43997976550381956,2.818836758968529,0.43997976550381956,2.818836758968529,False,0.0
24122.925567000002,93,24122.927459000002,0.44179091867191417,2.818814140263268,0.44179091867191417,2.818814140263268,False,0.0
24122.967183,94,24122.959375000002,0.44321642398396577,2.8134391215364327,0.44321642398396577,2.8134391215364327,False,0.0
24123.007576,95,24122.991493,0.44491877427347,2.8222710210018946,0.44491877427347,2.8222710210018946,False,0.0
24123.007576,95,24123.027368,0.4449177504942497,2.822278131448667,0.4449177504942497,2.822278131448667,False,0.0
24123.049362,96,24123.059404,0.44679518898086357,2.819607802663421,0.44679518898086357,2.819607802663421,False,0.0
24123.090023,97,24123.091431,0.44892402725717745,2.822303272225556,0.44892402725717745,2.822303272225556,False,0.0
24123.130469,98,24123.123426000002,0.4510499651537701,2.8201408758775184,0.4510499651537701,2.8201408758775184,False,0.0
24123.172071,99,24123.155491,0.45256263176189193,2.8133650792813425,0.45256263176189193,2.8133650792813425,False,0.0
24123.172071,99,24123.18736,0.45256263176189193,2.8133650792813425,0.45256263176189193,2.8133650792813425,False,0.0
24123.213655,100,24123.219401000002,0.4544435190428356,2.8217130057894066,0.4544435190428356,2.8217130057894066,False,0.0
24123.254576,101,24123.255445,0.45743760889649876,2.8175653904283124,0.45743760889649876,2.8175653904283124,False,0.0
24123.296365000002,102,24123.287449,0.4642527455529374,2.8167352790120757,0.4642527455529374,2.8167352790120757,False,0.0
24123.337231,103,24123.319471,0.4674607538788762,2.820123761677872,0.4674607538788762,2.820123761677872,False,0.0
24123.337231,103,24123.351549,0.4675521270734372,2.8200892895708973,0.4675521270734372,2.8200892895708973,False,0.0
24123.380006,104,24123.383338,0.4693429951622922,2.825837104463318,0.4693429951622922,2.825837104463318,False,0.0
24123.421407,105,24123.415472,0.4733965233109824,2.820615532213899,0.4733965233109824,2.820615532213899,False,0.0
24123.462134,106,24123.451403,0.4787210278084774,2.805268150936905,0.4787210278084774,2.805268150936905,False,0.0
24123.503946,107,24123.483484,0.48611307608626114,2.827320976570629,0.48611307608626114,2.827320976570629,False,0.0
24123.503946,107,24123.515589000002,0.48611456417392035,2.827319236519735,0.48611456417392035,2.827319236519735,False,0.0
24123.544692,108,24123.547408000002,0.48393414976222016,2.8252625039848707,0.48393414976222016,2.8252625039848707,False,0.0
24123.586479,109,24123.579296,0.11404782040014967,0.030798390522360122,0.11404782040014967,0.030798390522360122,True,0.878989417686846
24123.629475,110,24123.611451,0.11386234221191004,0.03455851838406948,0.11386234221191004,0.03455851838406948,True,0.9785434409872547
24123.629475,110,24123.6442,0.11688390612242382,0.036273014125481805,0.11688390612242382,0.036273014125481805,True,0.9997221992728916
24123.671215,111,24123.679398,0.11439669748080696,0.03758822924832552,0.11439669748080696,0.03758822924832552,True,0.9997080856623654
24123.712973,112,24123.711445,0.11407937567765682,0.037888583599548636,0.11407937567765682,0.037888583599548636,True,0.9996330721694141
24123.755589,113,24123.743354000002,0.1741548427937984,0.08259788741593072,0.1741548427937984,0.08259788741593072,True,0.9923301427421749
24123.755589,113,24123.775319,0.3674508704986016,0.2427618791023924,0.3674508704986016,0.2427618791023924,True,0.7555347904356638
24123.803393000002,114,24123.810557,3.8087353650723843,-6.090697713142314,3.8087353650723843,-6.090697713142314,False,0.0
24123.845596,115,24123.839391,3.7960450911382866,-6.066781998430471,3.7960450911382866,-6.066781998430471,False,0.0
24123.888750000002,116,24123.875497,0.3724629111616118,0.2399809925341303,0.3724629111616118,0.2399809925341303,True,0.7592235197458623
24123.888750000002,116,24123.907446,0.3707951624612074,0.24016649219416109,0.3707951624612074,0.24016649219416109,True,0.9887589176028814
24123.932542,117,24123.939402,0.37416286746127825,0.2342796007129436,0.37416286746127825,0.2342796007129436,True,0.9468987434802631
24123.976266,118,24123.971326,0.37606628725275687,0.22919018742427968,0.37606628725275687,0.22919018742427968,True,0.958509423266486
24124.024059,119,24124.003532,0.3752690475046646,0.22629882723429165,0.3752690475046646,0.22629882723429165,True,0.9747366169593097
24124.024059,119,24124.035432,0.37196274179913097,0.22011682675027675,0.37196274179913097,0.22011682675027675,True,0.7915928156007488
24124.066193,120,24124.067613,0.37326745879262413,0.22410501947158243,0.37326745879262413,0.22410501947158243,True,0.8811243437570523
24124.108632,121,24124.103374000002,0.41466723400980954,0.005927609996825356,0.41466723400980954,0.005927609996825356,True,0.031327645725643026
24124.150557,122,24124.135517,0.4859252237562046,0.20169015390625744,0.4859252237562046,0.20169015390625744,True,0.27258641221237134
24124.150557,122,24124.167196000002,0.5130823253719674,0.29459496165637183,0.5130823253719674,0.29459496165637183,True,0.1389078456252052
24124.192610000002,123,24124.19932,0.48083849771224685,0.23781213366196902,0.48083849771224685,0.23781213366196902,True,0.21334650242647646
24124.233854000002,124,24124.231435,0.47471092566848194,0.21659460830282465,0.47471092566848194,0.21659460830282465,True,0.24241589152233914
24124.27396,125,24124.263435,0.5002101856992383,0.33455399242089096,0.5002101856992383,0.33455399242089096,True,0.1101547550719746
24124.315038,126,24124.299384,0.6200177687952435,0.43945680158669476,0.6200177687952435,0.43945680158669476,True,0.07106116441984174
24124.315038,126,24124.331306,0.7312057507866271,0.7365132802999897,0.7312057507866271,0.7365132802999897,True,0.07590126710846053
24124.357658,127,24124.363352,0.7293325605636887,0.5194766325322867,0.7293325605636887,0.5194766325322867,True,0.1862034599485426
24124.398395,128,24124.395458,0.7142412618215469,0.5114102487071802,0.7142412618215469,0.5114102487071802,True,0.16690786242013717
24124.437416,129,24124.427396,0.7119760745535567,0.5151837153300005,0.7119760745535567,0.5151837153300005,True,0.2835352246353427
24124.480058,130,24124.459274,0.7201231199273704,0.5102251564173309,0.7201231199273704,0.5102251564173309,True,0.2014527675646239
24124.480058,130,24124.491439,0.7177136718432171,0.51198113545508,0.7177136718432171,0.51198113545508,True,0.18518449625525515
24124.520824,131,24124.527458,0.716824053256638,0.5119628356030381,0.716824053256638,0.5119628356030381,True,0.24178022049288567
24124.563373,132,24124.55936,0.715543629475832,0.5128266207169458,0.715543629475832,0.5128266207169458,True,0.1788702605160134
24124.603748,133,24124.591333,0.7492915061599544,0.3028393966825508,0.7492915061599544,0.3028393966825508,True,0.057356996881994644
24124.603748,133,24124.623436,0.7376063195010534,0.2870793946997427,0.7376063195010534,0.2870793946997427,True,0.2073973433495836
24124.646696,134,24124.655479,0.8130067292239981,0.5365711341933314,0.8130067292239981,0.5365711341933314,True,0.14587995012497895
24124.687404,135,24124.687417,0.7479501223687756,0.7324877547039805,0.7479501223687756,0.7324877547039805,True,0.14509619422851425
24124.728834,136,24124.723466,0.7441051604071023,0.7054305102566236,0.7441051604071023,0.7054305102566236,True,0.24360736523966184
24124.769871,137,24124.755391,0.7255235857330454,0.5703609254679295,0.7255235857330454,0.5703609254679295,True,0.27114091004254126
24124.769871,137,24124.787325,0.6939675105616535,0.544607348399838,0.6939675105616535,0.544607348399838,True,0.279002870600026
24124.811868,138,24124.819366,0.7895473759330265,0.7846413192588578,0.7895473759330265,0.7846413192588578,True,0.08718542071353741
24124.853067,139,24124.851388,0.7253710571782859,0.5584326369815832,0.7253710571782859,0.5584326369815832,True,0.2771657824376231
24124.894347,140,24124.883468,0.7632562239957129,0.4937336389942986,0.7632562239957129,0.4937336389942986,True,0.06801443901769223
24124.894347,140,24124.915394,0.7632138613068538,0.5007031844704826,0.7632138613068538,0.5007031844704826,True,0.14344468394902318
24124.936875,141,24124.951326000002,0.7762566915015381,0.4954472186655389,0.7762566915015381,0.4954472186655389,True,0.2421778480106079
24124.978246,142,24124.983338000002,0.7897052257902392,0.5188915532232401,0.7897052257902392,0.5188915532232401,True,0.183303671769837
24125.018726000002,143,24125.015417000002,0.7157255618987255,0.5400502380364365,0.7157255618987255,0.5400502380364365,True,0.1743141457494076
24125.060106,144,24125.047461000002,0.7105734268365868,0.547132669078115,0.7105734268365868,0.547132669078115,True,0.20313569553465713
24125.060106,144,24125.079438,0.7004675866713655,0.5564616710653959,0.7004675866713655,0.5564616710653959,True,0.15762340700513244
24125.102444,145,24125.111362,0.7104470767098342,0.583452536943283,0.7104470767098342,0.583452536943283,True,0.20469936357323146
24125.150229,146,24125.14737,0.7088087222267541,0.58623625420262,0.7088087222267541,0.58623625420262,True,0.2714915853997565
24125.191397,147,24125.179360000002,0.7196704606253731,0.5838741444015035,0.7196704606253731,0.5838741444015035,True,0.1623680960023408
24125.191397,147,24125.211413,0.7870154514272848,0.5727738137436162,0.7870154514272848,0.5727738137436162,True,0.10842978928708141
24125.234069000002,148,24125.243505000002,0.8078666495803475,0.5612883756070915,0.8078666495803475,0.5612883756070915,True,0.10901209820606277
24125.274467,149,24125.276149,0.7584076542087199,0.6074926876114247,0.7584076542087199,0.6074926876114247,True,0.1157705874083928
24125.315956,150,24125.307367,0.7333604929187404,0.5675422353881026,0.7333604929187404,0.5675422353881026,True,0.24841235872267795
24125.358308,151,24125.339378,0.7498713633278797,0.5668232864499907,0.7498713633278797,0.5668232864499907,True,0.21958838840488076
24125.358308,151,24125.375322,0.7523979516363525,0.5706527140993641,0.7523979516363525,0.5706527140993641,True,0.20211474369426463
24125.39921,152,24125.407435,0.7563428324379358,0.5734458503883229,0.7563428324379358,0.5734458503883229,True,0.265167054441856
24125.441056,153,24125.439431,0.7493300613625994,0.5511484308487052,0.7493300613625994,0.5511484308487052,True,0.19580401386440582
24125.483279,154,24125.471412,0.7195434867999528,0.546441693084323,0.7195434867999528,0.546441693084323,True,0.23699737272332577
24125.483279,154,24125.503468,0.7236950950893222,0.5487923555052404,0.7236950950893222,0.5487923555052404,True,0.2584574210454301
24125.524301,155,24125.535654,0.7250636333669118,0.5498638784659213,0.7250636333669118,0.5498638784659213,True,0.21617971930222166
24125.567226,156,24125.571355,0.714948082532146,0.5588185925102477,0.714948082532146,0.5588185925102477,True,0.29132236328076067
24125.608078,157,24125.603470000002,0.7153759857426247,0.5606348505321515,0.7153759857426247,0.5606348505321515,True,0.3017825875445869
24125.650225,158,24125.635448,0.7161905423010821,0.5627169110056822,0.7161905423010821,0.5627169110056822,True,0.2721203873446974
24125.650225,158,24125.667488,0.7063534508313307,0.5724430666842122,0.7063534508313307,0.5724430666842122,True,0.23576321101467568
24125.693866,159,24125.699427,0.6966701448129704,0.5818040400690725,0.6966701448129704,0.5818040400690725,True,0.3451871279138217
24125.736949000002,160,24125.731715,0.698082324891168,0.5843913479733278,0.698082324891168,0.5843913479733278,True,0.3270865785277639
24125.780283,161,24125.76344,0.6873726056376546,0.5623189327421793,0.6873726056376546,0.5623189327421793,True,0.23112720988998406
24125.780283,161,24125.79939,0.6885225609049861,0.5666710207425486,0.6885225609049861,0.5666710207425486,True,0.29104100098577823
24125.823659,162,24125.831418,0.6991204440908203,0.593941032030898,0.6991204440908203,0.593941032030898,True,0.22846001957130305
24125.864765000002,163,24125.863578,0.7106939405091212,0.5878639910504624,0.7106939405091212,0.5878639910504624,True,0.3145458186986708
24125.906899,164,24125.895510000002,0.7111800685633598,0.591399751872919,0.7111800685633598,0.591399751872919,True,0.317844492864796
24125.906899,164,24125.927428,0.7129425648001462,0.5945954551210164,0.7129425648001462,0.5945954551210164,True,0.23124979094367817
24125.950913,165,24125.9594,0.792578703284562,0.6055431884944519,0.792578703284562,0.6055431884944519,True,0.06821000857960482
24125.991603,166,24125.9954,0.969514076401806,0.9367638342824647,0.969514076401806,0.9367638342824647,True,0.07324640717922654
24126.034056,167,24126.027461,1.1215976069119555,0.9413259766854306,1.1215976069119555,0.9413259766854306,False,0.16708894737373184
24126.075224,168,24126.059390000002,1.133814637377558,0.9594998378848407,1.133814637377558,0.9594998378848407,False,0.25495760289284713
24126.075224,168,24126.091475,1.1604081668206772,0.9771198907177174,1.1604081668206772,0.9771198907177174,False,0.28272468290657216
24126.117016,169,24126.123448000002,1.171514476133012,0.9730970114047216,1.171514476133012,0.9730970114047216,False,0.289229679143354
24126.158511,170,24126.155359,1.1891274686669497,1.0042495093170423,1.1891274686669497,1.0042495093170423,False,0.24275506523096954
24126.199035,171,24126.187371,1.2004623310363967,1.0006462056129504,1.2004623310363967,1.0006462056129504,False,0.18415463415624025
24126.24079,172,24126.223457,1.1567166821796073,0.9160104893463237,1.1567166821796073,0.9160104893463237,False,0.2203699939598289
24126.24079,172,24126.255474,1.1662988839643171,0.9630801384851365,1.1662988839643171,0.9630801384851365,False,0.2165729264098706
24126.283383,173,24126.287432,1.1604001616292892,0.9333714902599961,1.1604001616292892,0.9333714902599961,False,0.19220615018398185
24126.325981,174,24126.319501,1.184469736825807,0.9480226090877192,1.184469736825807,0.9480226090877192,False,0.2324692525867778
24126.367895,175,24126.351461000002,1.1424258252970774,0.9252477265840782,1.1424258252970774,0.9252477265840782,False,0.11609335280085255
24126.367895,175,24126.383318,1.1566235628304227,0.9514615106986559,1.1566235628304227,0.9514615106986559,False,0.20563033158566224
24126.41055,176,24126.415429,1.1810192544936846,0.9943599001709305,1.1810192544936846,0.9943599001709305,False,0.2937211192796183
24126.451705,177,24126.45142,1.1834590074877978,1.0335333636944883,1.1834590074877978,1.0335333636944883,False,0.16145833874458446
24126.493105,178,24126.483476,1.108736449888019,0.8867795363022067,1.108736449888019,0.8867795363022067,False,0.24926208368097164
24126.53429,179,24126.515347,1.1285005149942093,0.9056142581716871,1.1285005149942093,0.9056142581716871,False,0.2994727146711688
24126.53429,179,24126.547476,1.1574425861216815,0.9326975253199716,1.1574425861216815,0.9326975253199716,False,0.2496071143372888
24126.580926,180,24126.57935,1.1859813977212106,0.9578324140530402,1.1859813977212106,0.9578324140530402,False,0.23310344386911078
24126.622374,181,24126.611435,1.190128625856384,0.9767109655510223,1.190128625856384,0.9767109655510223,False,0.182185399145038
24126.66402,182,24126.647457,1.1844011867868522,0.8163048661289268,1.1844011867868522,0.8163048661289268,False,0.1704569991255651
24126.66402,182,24126.679457000002,1.1390172378515948,0.877435964377302,1.1390172378515948,0.877435964377302,False,0.18087814042105577
24126.71319,183,24126.71144,1.202208215703694,0.8068417691302711,1.202208215703694,0.8068417691302711,False,0.18135838190489145
24126.767743,184,24126.743355000002,1.1972938621178495,0.7909484181771914,1.1972938621178495,0.7909484181771914,False,0.19310624375664112
24126.767743,184,24126.775270000002,1.131367197667409,0.8655895094255829,1.131367197667409,0.8655895094255829,False,0.1595263921483492
24126.810237,185,24126.807441,1.1584998695233584,0.8472195713679143,1.1584998695233584,0.8472195713679143,False,0.2192328819528524
24126.851125,186,24126.839424,1.1682446091435217,0.8477194470499965,1.1682446091435217,0.8477194470499965,False,0.2856157503431959
24126.89477,187,24126.875436000002,1.1773919319540114,0.8484057281240215,1.1773919319540114,0.8484057281240215,False,0.26490606371996916
24126.89477,187,24126.907472,1.174051727354092,0.9099174659390075,1.174051727354092,0.9099174659390075,False,0.1711422379791215
24126.937436,188,24126.939321,1.1975123045126883,0.9784229047385585,1.1975123045126883,0.9784229047385585,False,0.1767060223907854
24126.978255,189,24126.971258,1.2141873393820641,0.7985690512636072,1.2141873393820641,0.7985690512636072,False,0.24131060423674178
24127.021222,190,24127.003454,1.13961285854916,0.9349729447875793,1.13961285854916,0.9349729447875793,False,0.1543196226085892
24127.021222,190,24127.035427,0.6340936562068851,0.2890043623604296,0.6340936562068851,0.2890043623604296,True,0.7115774487667973
24127.063215000002,191,24127.07142,0.6384215416453772,0.2980318885826305,0.6384215416453772,0.2980318885826305,True,0.8111174185226169
24127.105338,192,24127.10336,0.6391761731913727,0.30312436708156737,0.6391761731913727,0.30312436708156737,True,0.7287540750514664
24127.149385,193,24127.13533,0.6429110544033656,0.31010744665576945,0.6429110544033656,0.31010744665576945,True,0.8095705465423375
24127.149385,193,24127.167323,0.6239493626624908,0.09809766023073387,0.6239493626624908,0.09809766023073387,True,0.054984081622421584
24127.191425,194,24127.199413000002,0.6663095861119398,0.3214592305761573,0.6663095861119398,0.3214592305761573,True,0.7099264176748952
24127.234173,195,24127.231422,0.6712276637141035,0.32827497189640326,0.6712276637141035,0.32827497189640326,True,0.7920481555266671
24127.276636,196,24127.263395,0.6722668349016652,0.3260963784669642,0.6722668349016652,0.3260963784669642,True,0.7768321354670595
24127.321053,197,24127.299385000002,0.6715577370788895,0.33084618550005357,0.6715577370788895,0.33084618550005357,True,0.858767615542339
24127.321053,197,24127.331643,0.6744372184059623,0.3313481844470364,0.6744372184059623,0.3313481844470364,True,0.7338561060264599
24127.365408,198,24127.363314000002,0.6325494489219877,0.23381159760803813,0.6325494489219877,0.23381159760803813,True,0.0550366384161532
24127.406254,199,24127.395425,0.5943677787230359,-0.009714592753802199,0.5943677787230359,-0.009714592753802199,False,0.05604754218401808
24127.406254,199,24127.427398,0.5638012846708585,0.09500226878900458,0.5638012846708585,0.09500226878900458,True,0.152883660553661
24127.450248,200,24127.45952,0.5785754672302,0.09694255112512093,0.5785754672302,0.09694255112512093,True,0.2232806417359827
24127.492162,201,24127.49547,0.5783286377245136,0.10821325614927796,0.5783286377245136,0.10821325614927796,True,0.19655428275488376
24127.534349,202,24127.527407,0.5726400067148382,0.09953922239653418,0.5726400067148382,0.09953922239653418,True,0.20834661961467615
24127.578212,203,24127.559328,0.567794122723373,0.09399476339963994,0.567794122723373,0.09399476339963994,True,0.16827244242311568
24127.578212,203,24127.591325,0.5933997666878882,0.10539493536954801,0.5933997666878882,0.10539493536954801,True,0.17749660440505036
24127.626791,204,24127.623415000002,0.588057347667523,0.10185982412173021,0.588057347667523,0.10185982412173021,True,0.19748704222810676
24127.669017,205,24127.655568000002,0.5745720099772093,0.10444100360855807,0.5745720099772093,0.10444100360855807,True,0.21656725259187376
24127.669017,205,24127.687341,0.5638600069954831,0.07734085846775898,0.5638600069954831,0.07734085846775898,True,0.18852858083643936
24127.713262,206,24127.723430000002,0.6518616667078508,0.3216469071173841,0.6518616667078508,0.3216469071173841,True,0.8640227370590933
24127.759074,207,24127.755375,0.649885495833012,0.32237910677697146,0.649885495833012,0.32237910677697146,True,0.8445422059123125
24127.802882,208,24127.787264000002,0.6499706202116863,0.3198612524377616,0.6499706202116863,0.3198612524377616,True,0.8013393400406569
24127.802882,208,24127.819364,0.647665525964235,0.3159134764043995,0.647665525964235,0.3159134764043995,True,0.8188683772096094
24127.844923,209,24127.851464,0.6474426222087919,0.31577685825816915,0.6474426222087919,0.31577685825816915,True,0.9101546067572918
24127.886556,210,24127.883423,0.6477584412110815,0.317054568554953,0.6477584412110815,0.317054568554953,True,0.8414534070999062
24127.928224,211,24127.91939,0.648970971145989,0.3205935417434084,0.648970971145989,0.3205935417434084,True,0.7742890448076474
24127.971122,212,24127.951451,0.64776840424215,0.31947954030975495,0.64776840424215,0.31947954030975495,True,0.7872278009508228
24127.971122,212,24127.983351,0.648928140498802,0.3187792093716302,0.648928140498802,0.3187792093716302,True,0.7137078929498628
24128.014051000002,213,24128.015381,0.6454066562965962,0.314172748810222,0.6454066562965962,0.314172748810222,True,0.8368530580424535
24128.055254,214,24128.047369,0.5843828831049023,0.3369557819658341,0.5843828831049023,0.3369557819658341,True,0.06285583482871379
24128.098789,215,24128.079428,0.5817176033753455,0.3297259917890954,0.5817176033753455,0.3297259917890954,True,0.13816970010581342
24128.098789,215,24128.115383,0.5774573503834142,0.2622719944014439,0.5774573503834142,0.2622719944014439,True,0.2195897092448323
24128.14113,216,24128.147372,0.672399792601547,0.3254590888314239,0.672399792601547,0.3254590888314239,True,0.8264113508981032
24128.182006,217,24128.1793,0.6775436228069889,0.32565609598248585,0.6775436228069889,0.32565609598248585,True,0.8338402652773538
24128.225632,218,24128.211412,0.6795221745642046,0.3309229965299474,0.6795221745642046,0.3309229965299474,True,0.7939378871991449
24128.225632,218,24128.243442,0.606888979675924,0.4586130306206111,0.606888979675924,0.4586130306206111,True,0.1177620446264644
24128.26759,219,24128.275444,0.6093259177722,0.41974766763497373,0.6093259177722,0.41974766763497373,True,0.2642933981322497
24128.310825,220,24128.307403,0.6041616691025093,0.4239632945569798,0.6041616691025093,0.4239632945569798,True,0.2230818993084184
24128.352818,221,24128.343422,0.588774344262441,0.3991582368906038,0.588774344262441,0.3991582368906038,True,0.2625455066241135
24128.393817,222,24128.375265000002,0.5842111060881086,0.4013114201115583,0.5842111060881086,0.4013114201115583,True,0.2275554509191203
24128.393817,222,24128.40741,0.59040076810222,0.39632240323180884,0.59040076810222,0.39632240323180884,True,0.27096852776525615
24128.435033,223,24128.439404,0.5746047708902978,0.37130708919755856,0.5746047708902978,0.37130708919755856,True,0.22882725464989437
24128.477373,224,24128.471432000002,0.5602722936020623,0.34663089093273036,0.5602722936020623,0.34663089093273036,True,0.1852895303852057
24128.520411,225,24128.503391000002,0.5553851329905326,0.34528837907558224,0.5553851329905326,0.34528837907558224,True,0.2426572084473144
24128.520411,225,24128.539283000002,0.5531151740443244,0.280351374780235,0.5531151740443244,0.280351374780235,True,0.2346198776002622
24128.562373,226,24128.571272,0.5496391145708109,0.2476733197539879,0.5496391145708109,0.2476733197539879,True,0.2386658108462568
24128.602983,227,24128.6035,0.5436224275815854,0.2429259695407342,0.5436224275815854,0.2429259695407342,True,0.3404294817417869
24128.643486,228,24128.635436,0.5373263715411009,0.23620875288663287,0.5373263715411009,0.23620875288663287,True,0.3075186250668184
24128.685826,229,24128.667552,0.6496456738079193,0.3293716698093271,0.6496456738079193,0.3293716698093271,True,0.7713659422478388
24128.685826,229,24128.699436,0.6570012237626993,0.3264326697421465,0.6570012237626993,0.3264326697421465,True,0.723480815153391
24128.728842,230,24128.731475,0.6589479468539124,0.3281290144881469,0.6589479468539124,0.3281290144881469,True,0.8600242672976601
24128.771036000002,231,24128.767302,0.6599499903329747,0.331085845189518,0.6599499903329747,0.331085845189518,True,0.7389866244739146
24128.815147,232,24128.79963,0.6612941103442354,0.33093065936853144,0.6612941103442354,0.33093065936853144,True,0.7800415465633844
24128.815147,232,24128.831379,0.6644738802785713,0.33411523814269917,0.6644738802785713,0.33411523814269917,True,0.7781229667038811
24128.857748,233,24128.863427,0.6623981753743102,0.3309871762475953,0.6623981753743102,0.3309871762475953,True,0.935971453281913
24128.900410000002,234,24128.895434000002,0.6618668512675506,0.33220663453952953,0.6618668512675506,0.33220663453952953,True,0.7592794757840543
24128.942765,235,24128.92754,0.6614975357934418,0.330545957388652,0.6614975357934418,0.330545957388652,True,0.7968148667781408
24128.942765,235,24128.959337,0.6641020645858775,0.3335491156637851,0.6641020645858775,0.3335491156637851,True,0.9010972456056837
24128.986714,236,24128.995584,0.6230948364439471,0.3268949333289415,0.6230948364439471,0.3268949333289415,True,0.09429433107899383
24129.029218,237,24129.027444,0.6353302863925508,0.35238092460781467,0.6353302863925508,0.35238092460781467,True,0.08640894220522292
24129.073911,238,24129.059411000002,0.6343712236202634,0.35061208004181804,0.6343712236202634,0.35061208004181804,True,0.08155837286734721
24129.073911,238,24129.091319,0.6243729084577859,0.3259873181427386,0.6243729084577859,0.3259873181427386,True,0.09457552334830636
24129.121326,239,24129.12345,0.6239851020903217,0.328017065029699,0.6239851020903217,0.328017065029699,True,0.10673229597026608
24129.165957,240,24129.155297,0.6234830202265096,0.326214971573299,0.6234830202265096,0.326214971573299,True,0.09772748467622294
24129.210271,241,24129.191434,0.6543262895033113,0.3443064525862735,0.6543262895033113,0.3443064525862735,True,0.7223941424788326
24129.210271,241,24129.223318,0.6529963843449231,0.3435336613238923,0.6529963843449231,0.3435336613238923,True,0.16502297536060828
24129.260163,242,24129.255407,0.574984939463098,0.38642544761618425,0.574984939463098,0.38642544761618425,True,0.11947696463606353
24129.260163,242,24129.287378,0.41634116921583897,0.13357673133729514,0.41634116921583897,0.13357673133729514,True,0.2698109265388291
24129.318071,243,24129.319315,0.23179758078593135,-0.4563987370616727,0.23179758078593135,-0.4563987370616727,False,0.1862032043213433
24129.364628,244,24129.351377,0.13637405571171773,-0.92289130037798,0.13637405571171773,-0.92289130037798,False,0.20435317675403145
24129.364628,244,24129.383398,0.1571242122258806,-1.140050044517693,0.1571242122258806,-1.140050044517693,False,0.15612384714451522
24129.4061,245,24129.419396,0.15647337928496424,-1.083812928233309,0.15647337928496424,-1.083812928233309,False,0.08562160340544991
24129.448953,246,24129.451329,0.018402725755361764,-1.8326821473410935,0.018402725755361764,-1.8326821473410935,False,0.11681170671370482
24129.490939,247,24129.483359,-0.041061492518255215,-2.040557240806454,-0.041061492518255215,-2.040557240806454,False,0.0894263229786743
24129.530387,248,24129.515355,3.8707316422574074,-6.2322624404007,3.8707316422574074,-6.2322624404007,False,0.0
24129.530387,248,24129.547328,3.8707316422574074,-6.2322624404007,3.8707316422574074,-6.2322624404007,False,0.0
24129.571291,249,24129.5793,0.7886884408563172,0.4909409706937379,0.7886884408563172,0.4909409706937379,True,0.914475641339726
24129.615863,250,24129.615451,0.7283573208958188,0.4359743765371265,0.7283573208958188,0.4359743765371265,True,0.20564793455470715
24129.655837000002,251,24129.647455000002,0.7166506520462973,0.32568259379568354,0.7166506520462973,0.32568259379568354,True,0.18972888340628022
24129.697059000002,252,24129.679386,0.6782783645193239,0.23329970084178117,0.6782783645193239,0.23329970084178117,True,0.14749335818802403
24129.697059000002,252,24129.711375,0.5548873605422736,0.19681009004887004,0.5548873605422736,0.19681009004887004,True,0.07764495414097347
24129.739557,253,24129.74331,0.6132792768543973,0.09679218416538693,0.6132792768543973,0.09679218416538693,True,0.1370034505929023
24129.784835,254,24129.775393,0.6043192351537466,0.10638837852019528,0.6043192351537466,0.10638837852019528,True,0.15801453134025056
24129.884964,256,24129.875396,0.4671688486658177,0.10826630475567067,0.4671688486658177,0.10826630475567067,True,0.20143385421598167
24129.927282,257,24129.907426,0.38501445044953675,0.06654451405420521,0.38501445044953675,0.06654451405420521,True,0.21058396826201953
24129.927282,257,24129.939411,0.13660110438516868,-0.14222176894341426,0.13660110438516868,-0.14222176894341426,False,0.19535881881657105
24129.969379000002,258,24129.971285,0.27629683626146995,0.3084316879810743,0.27629683626146995,0.3084316879810743,True,0.2523716325718174
24130.010129000002,259,24130.003483,0.2935468749421527,0.4102076024038923,0.2935468749421527,0.4102076024038923,True,0.8169022641675165
24130.050906,260,24130.039448,0.28086798657470924,0.4049986180900633,0.28086798657470924,0.4049986180900633,True,0.8252198766959528
24130.090894,261,24130.071411,0.3130216171349358,0.5688036881860309,0.3130216171349358,0.5688036881860309,True,0.9274211002941777
24130.090894,261,24130.103433,0.30082395290144764,0.583136427667141,0.30082395290144764,0.583136427667141,True,0.27068345731779414
24130.134211,262,24130.135383,0.31882705601113775,0.6366444347998484,0.31882705601113775,0.6366444347998484,True,0.9229072329127518
24130.175442,263,24130.167335000002,0.3148792092543826,0.620588785283818,0.3148792092543826,0.620588785283818,True,0.9174759970737385
24130.215909,264,24130.199542000002,0.3150185680431008,0.6138367216789303,0.3150185680431008,0.6138367216789303,True,0.8135736630577244
24130.215909,264,24130.231315,0.31265603791208413,0.6141512563308534,0.31265603791208413,0.6141512563308534,True,0.8531646800206927
24130.257058,265,24130.267483,0.312387141978836,0.6084732610407855,0.312387141978836,0.6084732610407855,True,0.931112045392996
24130.299236,266,24130.299445,0.31082484437952496,0.6117580270411889,0.31082484437952496,0.6117580270411889,True,0.8915118357882883
24130.339892,267,24130.331652,0.22879977840231375,0.6691140313286659,0.22879977840231375,0.6691140313286659,True,0.293502679535522
24130.381318,268,24130.363260000002,0.1436919298254439,0.6130776767230057,0.1436919298254439,0.6130776767230057,True,0.2588224725514977
24130.381318,268,24130.395488000002,0.1508578357872319,0.6429542046074402,0.1508578357872319,0.6429542046074402,True,0.028351326034570305
24130.422345,269,24130.427413,0.12797388500875842,0.6615052597164099,0.12797388500875842,0.6615052597164099,True,0.0887373441892079
24130.462298,270,24130.46338,0.16584008044917434,0.6480593056738319,0.16584008044917434,0.6480593056738319,True,0.9134009983946101
24130.50999,271,24130.49538,0.1656086904146687,0.651135630238428,0.1656086904146687,0.651135630238428,True,0.95761334964243
24130.50999,271,24130.527959,0.16600520572658967,0.6454369690009538,0.16600520572658967,0.6454369690009538,True,0.9975343815987551
24130.561442000002,272,24130.560347000002,0.16318226651985523,0.6406332092293827,0.16318226651985523,0.6406332092293827,True,0.9281486940411579
24130.603575,273,24130.591758000002,0.16724933647049717,0.6466857065456423,0.16724933647049717,0.6466857065456423,True,0.9914209696953902
24130.603575,273,24130.623407,0.16453767043270368,0.6441140492748036,0.16453767043270368,0.6441140492748036,True,0.9974933667378414
24130.701697,275,24130.69133,0.3925955563642073,0.5903298914957434,0.3925955563642073,0.5903298914957434,True,0.821404361248221
24130.744253,276,24130.723554,0.3878019239575448,0.5815262998154739,0.3878019239575448,0.5815262998154739,True,0.9473608554661777
24130.744253,276,24130.755540000002,0.3823598774454655,0.5703555489955717,0.3823598774454655,0.5703555489955717,True,0.8218005284600441
24130.788724000002,277,24130.787283,0.3751194884754274,0.5646276614056175,0.3751194884754274,0.5646276614056175,True,0.9871234264679716
24130.829677,278,24130.819339,0.375303058947796,0.5663737123066817,0.375303058947796,0.5663737123066817,True,0.9065256501099809
24130.872925,279,24130.851463,0.368360747133689,0.566506709106353,0.368360747133689,0.566506709106353,True,0.9524344814021426
24130.872925,279,24130.887444,0.373371646327451,0.5684357100628177,0.373371646327451,0.5684357100628177,True,0.922794277816483
24130.915006,280,24130.919415,0.3737624915721654,0.5706432709363876,0.3737624915721654,0.5706432709363876,True,0.8007520481353849
24130.957041,281,24130.951469,0.37236553909773845,0.5675297022757393,0.37236553909773845,0.5675297022757393,True,0.9577579976505286
24130.99986,282,24130.984083,0.37055091661805284,0.5667884060143998,0.37055091661805284,0.5667884060143998,True,0.9917105171349594
24130.99986,282,24131.015431,0.37416838428182164,0.5701614693878868,0.37416838428182164,0.5701614693878868,True,0.9231080144708675
24131.041109,283,24131.047438,0.31496001457596123,0.5221582483423999,0.31496001457596123,0.5221582483423999,True,0.3382635985310483
24131.08255,284,24131.08348,0.30711504596403666,0.5332675021308119,0.30711504596403666,0.5332675021308119,True,0.38029672274850834
24131.12515,285,24131.115391,0.30897204385955745,0.5382023117543954,0.30897204385955745,0.5382023117543954,True,0.4882839224861607
24131.169094,286,24131.147449,0.3102145584751564,0.541620857061575,0.3102145584751564,0.541620857061575,True,0.46334208742237687
24131.169094,286,24131.179686,0.3230679643891154,0.5311069910159919,0.3230679643891154,0.5311069910159919,True,0.8413723231251828
24131.213313,287,24131.21142,0.31541334814505434,0.5194230850645833,0.31541334814505434,0.5194230850645833,True,0.953322999273885
24131.255504,288,24131.243623000002,0.3122309040483188,0.5183852779362503,0.3122309040483188,0.5183852779362503,True,0.9990355598118754
24131.255504,288,24131.275431000002,0.31294406793941315,0.5153769540348894,0.31294406793941315,0.5153769540348894,True,0.8637774664367629
24131.296561,289,24131.311525,0.3128383012092875,0.5156699273815379,0.3128383012092875,0.5156699273815379,True,0.9977972279817874
24131.338814,290,24131.343380000002,0.3114519234964995,0.5165474655033032,0.3114519234964995,0.5165474655033032,True,0.9977033275091367
24131.380933,291,24131.375572,0.310264347081743,0.5154144784644483,0.310264347081743,0.5154144784644483,True,0.9800903882390986
24131.423723,292,24131.407466,0.31140680734649623,0.5139101307472614,0.31140680734649623,0.5139101307472614,True,0.9984718579473586
24131.423723,292,24131.439496,0.30896699031690505,0.5079799334208042,0.30896699031690505,0.5079799334208042,True,0.9989672623055594
24131.478944,293,24131.471475000002,0.3105474877981537,0.5121165813530847,0.3105474877981537,0.5121165813530847,True,0.9954350136724708
24131.524553,294,24131.508194000002,0.3123944896092977,0.5138634724550767,0.3123944896092977,0.5138634724550767,True,0.9970988840939592
24131.524553,294,24131.539446,0.41866362706790533,0.6304897996407862,0.41866362706790533,0.6304897996407862,True,0.9178854060371512
24131.565597,295,24131.571321,0.4164243886249175,0.6330229498389884,0.4164243886249175,0.6330229498389884,True,0.9948276145653472
24131.608678,296,24131.603427000002,0.41255517119699564,0.6298950027123168,0.41255517119699564,0.6298950027123168,True,0.9954373292804145
24131.650701,297,24131.635508,0.4106738505290622,0.6252519437980466,0.4106738505290622,0.6252519437980466,True,0.9548463072464839
24131.650701,297,24131.667428,0.6543492809725303,0.765339813266116,0.6543492809725303,0.765339813266116,True,0.22568101000536203
24131.693603,298,24131.699527,0.7647170458196937,0.8977604991351829,0.7647170458196937,0.8977604991351829,True,0.29836218415103566
24131.735656,299,24131.735273000002,0.7554782294152462,0.8515421548489923,0.7554782294152462,0.8515421548489923,True,0.43999960087716705
24131.777008,300,24131.767297000002,1.022175388683451,1.0029773497611463,1.022175388683451,1.0029773497611463,False,0.9434158347899699
24131.81917,301,24131.799459,1.0043005324866894,0.9987714131543731,1.0043005324866894,0.9987714131543731,False,0.997779500375583
24131.81917,301,24131.831447,0.9936649063486387,0.9924843537393939,0.9936649063486387,0.9924843537393939,True,0.9978257180675388
24131.866199,302,24131.863437,0.987578498625888,0.988198247542064,0.987578498625888,0.988198247542064,True,0.9980624592317002
24131.906344,303,24131.895454,0.9692415506265869,0.9919718275865356,0.9692415506265869,0.9919718275865356,True,0.9599548568681039
24131.950913,304,24131.933066,0.9642958390674812,0.988082420558461,0.9642958390674812,0.988082420558461,True,0.9981047252442361
24131.950913,304,24131.963323,1.0579108432934003,1.0143606832936294,1.0579108432934003,1.0143606832936294,False,0.8775162277301963
24131.993797,305,24131.995432,1.0549523358119242,1.024564111015751,1.0549523358119242,1.024564111015751,False,0.9981300254795359
24132.035723,306,24132.027666,1.0527936580824742,1.0222294522210946,1.0527936580824742,1.0222294522210946,False,0.997343819336802
24132.079499,307,24132.059392,1.0600649941096185,1.0195361173003772,1.0600649941096185,1.0195361173003772,False,0.998216020065742
24132.079499,307,24132.09147,1.0523834397662246,1.0249747996790102,1.0523834397662246,1.0249747996790102,False,0.9972233198448665
24132.125316,308,24132.123523000002,1.0562656489728266,1.0259362313616738,1.0562656489728266,1.0259362313616738,False,0.9965769548955336
24132.167789,309,24132.159339,1.0528493980562144,1.0217558081165685,1.0528493980562144,1.0217558081165685,False,0.9789151282584896
24132.210075,310,24132.191412,1.0478412180404537,1.0257015851843019,1.0478412180404537,1.0257015851843019,False,0.9962248635365499
24132.210075,310,24132.22942,1.0422018529843398,1.0277454857310016,1.0422018529843398,1.0277454857310016,False,0.9965688229195174
24132.251395,311,24132.255416,1.0383722530846224,1.0264298143572197,1.0383722530846224,1.0264298143572197,False,0.9974581460758383
24132.293387,312,24132.287441,1.0311276708476955,1.0227195864067624,1.0311276708476955,1.0227195864067624,False,0.9979809816132272
24132.335496,313,24132.319391,1.026969838224523,1.017174977858303,1.026969838224523,1.017174977858303,False,0.9875865927510894
24132.335496,313,24132.355286,1.0309418981289746,1.0141804821507479,1.0309418981289746,1.0141804821507479,False,0.9961108580938579
24132.378333,314,24132.38738,1.0224904308735148,1.003694414648423,1.0224904308735148,1.003694414648423,False,0.9961493156047437
24132.418865,315,24132.419406,1.026995994722394,0.9972820802678328,1.026995994722394,0.9972820802678328,False,0.9963002825418904
24132.461072000002,316,24132.451436,1.0305880996848737,0.9995236364730983,1.0305880996848737,0.9995236364730983,False,0.9949651708521969
24132.502902,317,24132.483815,1.0311515332235413,0.995952812646705,1.0311515332235413,0.995952812646705,False,0.9947119213540421
24132.502902,317,24132.515456,1.0361005028739219,0.9969980659605596,1.0361005028739219,0.9969980659605596,False,0.9964150291904799
24132.545494,318,24132.547413,1.166119815913121,1.311072408601847,1.166119815913121,1.311072408601847,False,0.0348381060852338
24132.589008,319,24132.583301000002,1.0363984321391275,0.9974628674754504,1.0363984321391275,0.9974628674754504,False,0.9956977615887896
24132.631029,320,24132.6155,1.1789166191376326,1.339514480248357,1.1789166191376326,1.339514480248357,False,0.004437050834718815
24132.631029,320,24132.647413,0.9735739055811855,0.9980981124713975,0.9735739055811855,0.9980981124713975,True,0.8245513468620417
24132.673228,321,24132.679399,0.963688619672563,0.9877499240550422,0.963688619672563,0.9877499240550422,True,0.8707535697377213
24132.715632,322,24132.711482,0.9588382958806334,0.9959914043906173,0.9588382958806334,0.9959914043906173,True,0.996638465809198
24132.758241,323,24132.743298,0.9511929031193899,0.9843880671978804,0.9511929031193899,0.9843880671978804,True,0.996192975920259
24132.758241,323,24132.779295,0.9519986373912036,0.9857117163749154,0.9519986373912036,0.9857117163749154,True,0.9968915889473644
24132.802214,324,24132.811534,0.9519061049820505,0.9840799663268862,0.9519061049820505,0.9840799663268862,True,0.9969217304556279
24132.844823,325,24132.843444000002,0.951891722433293,0.9777559914152283,0.951891722433293,0.9777559914152283,True,0.9954680222776447
24132.890423,326,24132.875545,0.9558755804200687,0.9774825528728722,0.9558755804200687,0.9774825528728722,True,0.9964480026066489
24132.890423,326,24132.907511,0.9596757389875867,0.9819559646744501,0.9596757389875867,0.9819559646744501,True,0.9964914031245333
24132.93655,327,24132.939271,0.9778760389234309,0.9765940362758166,0.9778760389234309,0.9765940362758166,True,0.9957543058261986
24132.97862,328,24132.971398,1.0013746991214856,0.9798359676289995,1.0013746991214856,0.9798359676289995,False,0.8590219369549166
24133.025386,329,24133.007466,1.007282687768868,0.9675997879662221,1.007282687768868,0.9675997879662221,False,0.980847726161756
24133.025386,329,24133.039654,1.0100622111856834,0.963445910624282,1.0100622111856834,0.963445910624282,False,0.9958044391981538
24133.073647,330,24133.071899000002,1.0085025047524345,0.965068404214845,1.0085025047524345,0.965068404214845,False,0.981487788571286
24133.117783,331,24133.103766,1.0078022679758007,0.964495787456404,1.0078022679758007,0.964495787456404,False,0.9179221029416108
24133.117783,331,24133.135372,1.0032425068392752,0.9605129495583637,1.0032425068392752,0.9605129495583637,False,0.9575108556718753
24133.158597,332,24133.167302,1.0071812910637423,0.9628728477466306,1.0071812910637423,0.9628728477466306,False,0.9960115554071277
24133.202928,333,24133.203453000002,1.0054966497210283,0.9615695111888916,1.0054966497210283,0.9615695111888916,False,0.9954719282401341
24133.244443,334,24133.235443,1.006366968450912,0.9569633619233608,1.006366968450912,0.9569633619233608,False,0.9945328937963269
24133.286064,335,24133.267281,1.0019402985096946,0.953346005706744,1.0019402985096946,0.953346005706744,False,0.9951154930167072
24133.286064,335,24133.299332000002,1.0059889365154675,0.9581406108119166,1.0059889365154675,0.9581406108119166,False,0.8775464042138109
24133.329439,336,24133.331364,1.003846547491987,0.9570713459896202,1.003846547491987,0.9570713459896202,False,0.8442919478052708
24133.372868,337,24133.363357000002,1.0082723101003126,0.9628307943530915,1.0082723101003126,0.9628307943530915,False,0.928455064836315
24133.415812,338,24133.395413000002,1.0038971269734316,0.9593608295071171,1.0038971269734316,0.9593608295071171,False,0.899943633052935
24133.415812,338,24133.431371000002,1.0078172163123382,0.9585215882389846,1.0078172163123382,0.9585215882389846,False,0.9970331736372267
24133.460303,339,24133.463424,1.0029065540907414,0.956459380048039,1.0029065540907414,0.956459380048039,False,0.9965278133538804
24133.503265,340,24133.495464,1.0022597375773579,0.9572584399275071,1.0022597375773579,0.9572584399275071,False,0.025573983500844753
24133.545751,341,24133.52739,1.0024753197260627,0.9567081300095678,1.0024753197260627,0.9567081300095678,False,0.029326641874553326
24133.545751,341,24133.559305,1.0034701052484087,0.9600083331936804,1.0034701052484087,0.9600083331936804,False,0.9190031135440776
24133.589054,342,24133.591321,1.0052161781686695,0.958123338949034,1.0052161781686695,0.958123338949034,False,0.9963905168950213
24133.630648,343,24133.627414000002,1.0049448276378123,0.9524933176987975,1.0049448276378123,0.9524933176987975,False,0.9579129778924236
24133.674135,344,24133.659378,1.0040657655576575,0.9529644588202948,1.0040657655576575,0.9529644588202948,False,0.9662464049028346
24133.674135,344,24133.691386000002,1.0032070718904613,0.9508869920810636,1.0032070718904613,0.9508869920810636,False,0.04727600456657091
24133.715866,345,24133.723384,1.0023847965870174,0.956824744735568,1.0023847965870174,0.956824744735568,False,0.967713674118903
24133.758448,346,24133.755346,1.0007569337086857,0.9566377466510864,1.0007569337086857,0.9566377466510864,False,0.09451239350406905
24133.802046,347,24133.787335,1.0018494606012072,0.9544961699500709,1.0018494606012072,0.9544961699500709,False,0.8735215990033963
24133.802046,347,24133.819361,1.0043764770186063,0.9572696114063581,1.0043764770186063,0.9572696114063581,False,0.9970168119768599
24133.844492,348,24133.855612,1.0057493992621827,0.9547544970725698,1.0057493992621827,0.9547544970725698,False,0.9507863790765619
24133.887104,349,24133.887428,1.0039733984910268,0.9528221668388559,1.0039733984910268,0.9528221668388559,False,0.9264428437636032
24133.93053,350,24133.91948,1.0056429044130515,0.9509187930955659,1.0056429044130515,0.9509187930955659,False,0.916830579518237
24133.93053,350,24133.951334,1.0080262403229039,0.9521083252516717,1.0080262403229039,0.9521083252516717,False,0.9666723620241062
24133.973284,351,24133.983449,0.7709935001750253,0.8797832164579066,0.7709935001750253,0.8797832164579066,True,0.2760091276609565
24134.014767,352,24134.015399,0.42030716344432023,0.6362333587817378,0.42030716344432023,0.6362333587817378,True,0.9971780882198913
24134.058821,353,24134.051480000002,0.413600230716582,0.6215377984551977,0.413600230716582,0.6215377984551977,True,0.9344373405809017
24134.101571,354,24134.083364000002,0.4123657220412343,0.6236949260524857,0.4123657220412343,0.6236949260524857,True,0.9996964032217595
24134.101571,354,24134.115742,0.41361786195032946,0.626620109244841,0.41361786195032946,0.626620109244841,True,0.9707039237256074
24134.145128,355,24134.147442,0.4149957549794848,0.6317690993071364,0.4149957549794848,0.6317690993071364,True,0.9998662190919255
24134.189185,356,24134.179467,0.4209150447631939,0.635748379396761,0.4209150447631939,0.635748379396761,True,0.8792972879738622
24134.189185,356,24134.211447,0.4239685654741583,0.6457627439507887,0.4239685654741583,0.6457627439507887,True,0.9803937292654816
24134.233897000002,357,24134.243819,0.4253858968780367,0.6375599833866495,0.4253858968780367,0.6375599833866495,True,0.9663003850515186
24134.277913,358,24134.279437,0.42855166693307617,0.644358809362667,0.42855166693307617,0.644358809362667,True,0.8636575904755195
24134.319485,359,24134.311472,0.4315987696887683,0.64276726927178,0.4315987696887683,0.64276726927178,True,0.8048397927058831
24134.319485,359,24134.343227,0.4301911153560495,0.648332365291838,0.4301911153560495,0.648332365291838,True,0.8390459662710068
24134.368667,360,24134.375289,0.46412643678728494,0.6551737949332082,0.46412643678728494,0.6551737949332082,True,0.9054351114420175
24134.414926,361,24134.407411,0.4710741616356516,0.6555135237496442,0.4710741616356516,0.6555135237496442,True,0.9988681994180898
24134.414926,361,24134.439387000002,0.47349761105355276,0.6548263890088871,0.47349761105355276,0.6548263890088871,True,0.8159208712933331
24134.463933,362,24134.475422,0.47552826101840556,0.6569829179646076,0.47552826101840556,0.6569829179646076,True,0.9832294406182149
24134.51024,363,24134.507513,0.47538454476629294,0.6619855208728312,0.47538454476629294,0.6619855208728312,True,0.9033102085788197
24134.559154,364,24134.53929,0.548478649782444,0.7128327525135549,0.548478649782444,0.7128327525135549,True,0.27947126680770834
24134.559154,364,24134.571269,1.0801303798498454,1.0186425727245272,1.0801303798498454,1.0186425727245272,False,0.9625346244448546
24134.60473,365,24134.604239,1.068696049901311,1.032210113150229,1.068696049901311,1.032210113150229,False,0.44848105990413045
24134.648433,366,24134.635343,1.0499640418036116,0.9943751197646077,1.0499640418036116,0.9943751197646077,False,0.9969690545851262
24134.648433,366,24134.667273,1.0379001856483485,0.9907355657789756,1.0379001856483485,0.9907355657789756,False,0.9964844923518614
24134.691863,367,24134.703345,1.0313692700981534,0.9905957679820754,1.0313692700981534,0.9905957679820754,False,0.9964862297246628
24134.735871,368,24134.735216,1.0249833001654007,0.983354046334791,1.0249833001654007,0.983354046334791,False,0.9621781874310664
24134.780492,369,24134.767298,1.0221365552045278,0.9817609057511207,1.0221365552045278,0.9817609057511207,False,0.9969081747221736
24134.780492,369,24134.79926,1.0178017509165904,0.98254941127159,1.0178017509165904,0.98254941127159,False,0.9975378676407627
24134.823484,370,24134.831353,1.019181523519556,0.9824596594252428,1.019181523519556,0.9824596594252428,False,0.9964751557928858
24134.867471,371,24134.863472,1.0172698556047457,0.9829910855160536,1.0172698556047457,0.9829910855160536,False,0.9771571541055185
24134.909754,372,24134.899457,1.0157029443842274,0.9833737023862439,1.0157029443842274,0.9833737023862439,False,0.9465730525261659
24134.909754,372,24134.931383,1.0172577387100923,0.9874158479734546,1.0172577387100923,0.9874158479734546,False,0.9973710626180725
24134.953438,373,24134.963389,1.0154700876582745,0.9864484105654706,1.0154700876582745,0.9864484105654706,False,0.9967149049182478
24134.996865,374,24134.995478,1.012199023299148,0.9847646902558079,1.012199023299148,0.9847646902558079,False,0.9979363063025777
24135.038855,375,24135.027445,1.0145565282132487,0.9847302936105492,1.0145565282132487,0.9847302936105492,False,0.9990360619443074
24135.038855,375,24135.059441,1.0145245182501712,0.9843762710534012,1.0145245182501712,0.9843762710534012,False,0.9987451101838365
24135.081584,376,24135.091558,1.0149419151680215,0.9873392244263105,1.0149419151680215,0.9873392244263105,False,0.9982565609538485
24135.122831,377,24135.127805,1.016877080969895,0.9886868258105004,1.016877080969895,0.9886868258105004,False,0.9897166598721114
24135.164307,378,24135.159338,1.0155239288314946,0.989423117354332,1.0155239288314946,0.989423117354332,False,0.99649617509703
24135.20776,379,24135.191385000002,1.0136298923097156,0.9850465709055402,1.0136298923097156,0.9850465709055402,False,0.9973305776010792
24135.20776,379,24135.223425,1.0147356203743099,0.9862840447415128,1.0147356203743099,0.9862840447415128,False,0.9973201770824804
24135.250878,380,24135.255393,1.0182745900963992,0.9876290997139903,1.0182745900963992,0.9876290997139903,False,0.997529407382294
24135.292814,381,24135.287382000002,1.0157830385152509,0.98716372042844,1.0157830385152509,0.98716372042844,False,0.9981106080868818
24135.336465,382,24135.323382000002,1.014157612216895,0.9855739191273982,1.014157612216895,0.9855739191273982,False,0.9847787662493349
24135.336465,382,24135.355298000002,1.0124926026530474,0.989226488014783,1.0124926026530474,0.989226488014783,False,0.9980125618420466
24135.37965,383,24135.387432,1.012397711231245,0.9861388852330075,1.012397711231245,0.9861388852330075,False,0.9983304367941872
24135.422318,384,24135.419419,1.0142312226529613,0.9883842052285435,1.0142312226529613,0.9883842052285435,False,0.9980950368413054
24135.465135,385,24135.451513,1.0131595103320836,0.9893216837697585,1.0131595103320836,0.9893216837697585,False,0.9980963851194835
24135.465135,385,24135.484038000002,1.014726540293108,0.9917334842590738,1.014726540293108,0.9917334842590738,False,0.9397384378647735
24135.508101,386,24135.515481000002,1.010860788726954,0.9896453941367559,1.010860788726954,0.9896453941367559,False,0.9981486174351356
24135.550141,387,24135.551434,1.0094348404411282,0.988411966274085,1.0094348404411282,0.988411966274085,False,0.9980158428995154
24135.591422,388,24135.583443,1.0125880313108895,0.9897421159848537,1.0125880313108895,0.9897421159848537,False,0.9983300519850218
24135.634276,389,24135.615459,1.0086138042849104,0.988478902857396,1.0086138042849104,0.988478902857396,False,0.9973982601989961
24135.634276,389,24135.647546,1.0103015654483787,0.9891671794083342,1.0103015654483787,0.9891671794083342,False,0.9971560887438697
24135.677715,390,24135.679648,1.0097764220703807,0.9841089746607078,1.0097764220703807,0.9841089746607078,False,0.9971970828282843
24135.719374,391,24135.71154,1.0123942982254182,0.9845463059428833,1.0123942982254182,0.9845463059428833,False,0.9982594042035984
24135.762536000002,392,24135.747482,1.0101350967951446,0.9864339652009979,1.0101350967951446,0.9864339652009979,False,0.9972753063258466
24135.762536000002,392,24135.779476,1.010989313699061,0.9894812165743126,1.010989313699061,0.9894812165743126,False,0.9875738515608062
24135.805107,393,24135.811456,1.0098833378185892,0.9849399395369519,1.0098833378185892,0.9849399395369519,False,0.9967746860574813
24135.847247,394,24135.843432,1.0077369422265594,0.9846066473434457,1.0077369422265594,0.9846066473434457,False,0.9974733151860424
24135.890602,395,24135.875437,1.0095736945123572,0.986973539153117,1.0095736945123572,0.986973539153117,False,0.9972318103762923
24135.890602,395,24135.907395000002,1.0106373570752605,0.9841616553207919,1.0106373570752605,0.9841616553207919,False,0.9847988442035047
24135.935463,396,24135.939384,1.0090442018514387,0.987247063524695,1.0090442018514387,0.987247063524695,False,0.9972568034358591
24135.977379,397,24135.975343000002,1.006494655270075,0.9815898555299508,1.006494655270075,0.9815898555299508,False,0.9958003775363714
24136.019298,398,24136.007433,1.0052667311218972,0.9835559401107686,1.0052667311218972,0.9835559401107686,False,0.9963673747190163
24136.019298,398,24136.039423000002,1.0090429954471642,0.9820099112116778,1.0090429954471642,0.9820099112116778,False,0.9965197364836664
24136.061998,399,24136.071431,1.014600253406506,0.9837703989014877,1.014600253406506,0.9837703989014877,False,0.9283637684925818
24136.103239,400,24136.103456,1.0107994370135045,0.9863156097137034,1.0107994370135045,0.9863156097137034,False,0.9822866544593783
24136.145483,401,24136.135351,1.01175720909117,0.9843947714437875,1.01175720909117,0.9843947714437875,False,0.9795731377219442
24136.18908,402,24136.171349,1.0099521227811987,0.9868743304094838,1.0099521227811987,0.9868743304094838,False,0.9967788093993158
24136.18908,402,24136.203543,1.03705867276808,0.9800081537015255,1.03705867276808,0.9800081537015255,False,0.9221423144577664
24136.233326,403,24136.235417,1.0467979602929856,0.9786830420301166,1.0467979602929856,0.9786830420301166,False,0.9284080419478433
24136.275246,404,24136.267442,1.0485542246582469,0.9743207999014977,1.0485542246582469,0.9743207999014977,False,0.933792321477819
24136.318412,405,24136.299376,1.0493215142160457,0.9775842890361793,1.0493215142160457,0.9775842890361793,False,0.9740983669278702
24136.318412,405,24136.331306,1.0469398737249618,0.9707821651866956,1.0469398737249618,0.9707821651866956,False,0.9968771481176943
24136.360404,406,24136.363324,1.033024113239759,0.9858421981228753,1.033024113239759,0.9858421981228753,False,0.8110920358037624
24136.403678,407,24136.399447,1.0189887328356344,0.98001899528427,1.0189887328356344,0.98001899528427,False,0.9645328274201072
24136.445819,408,24136.431463,1.0148286384003504,0.9784185061660898,1.0148286384003504,0.9784185061660898,False,0.9920988012973411
24136.445819,408,24136.463339,1.0132863604026316,0.9812971097479091,1.0132863604026316,0.9812971097479091,False,0.9707221832196964
24136.488408,409,24136.495446,1.0139074426993513,0.9830351576493367,1.0139074426993513,0.9830351576493367,False,0.8684780047545259
24136.531098,410,24136.527632,1.0138027772477087,0.9850833761187636,1.0138027772477087,0.9850833761187636,False,0.9031988655003096
24136.573128,411,24136.559297,1.0174500701229445,0.9878115531032136,1.0174500701229445,0.9878115531032136,False,0.9965253397025053
24136.615348,412,24136.595434,1.0174433867996002,0.9879374395381895,1.0174433867996002,0.9879374395381895,False,0.9437177830453581
24136.615348,412,24136.627402000002,1.0178936360377353,0.9861423797716069,1.0178936360377353,0.9861423797716069,False,0.9966425839610238
24136.658282,413,24136.659426000002,1.0192057966995118,0.988137935925262,1.0192057966995118,0.988137935925262,False,0.971203753880503
24136.700396,414,24136.691388,1.0132524286583051,0.9828306217400965,1.0132524286583051,0.9828306217400965,False,0.9866419700463835
24136.743072,415,24136.723336,1.0140911807352633,0.9837918250736407,1.0140911807352633,0.9837918250736407,False,0.9938508917145346
24136.743072,415,24136.755387,1.0171490981291031,0.9821368359970354,1.0171490981291031,0.9821368359970354,False,0.9634544909209666
24136.785521,416,24136.78728,1.0163775101399308,0.9836611720794338,1.0163775101399308,0.9836611720794338,False,0.9640401859896705
24136.826782,417,24136.823412,1.012745637216205,0.9774925921345925,1.012745637216205,0.9774925921345925,False,0.8535176633802639
24136.870699,418,24136.855544000002,1.0105658143554619,0.9780876964429449,1.0105658143554619,0.9780876964429449,False,0.8969897898085902
24136.870699,418,24136.887414,1.0001900457165163,0.9904451190934859,1.0001900457165163,0.9904451190934859,False,0.34210808800186093
24136.913711,419,24136.919407,1.0137198835351622,0.9805290164221493,1.0137198835351622,0.9805290164221493,False,0.9871982023484898
24136.956969,420,24136.951404,1.0127062982608297,0.9800276178397962,1.0127062982608297,0.9800276178397962,False,0.9902627244142428
24136.998626,421,24136.983531,1.014554137946614,0.9817779287272671,1.014554137946614,0.9817779287272671,False,0.9477688787556364
24136.998626,421,24137.019413,1.0139305709115096,0.9813522107308073,1.0139305709115096,0.9813522107308073,False,0.9883067019665881
24137.040784,422,24137.051785,1.0034295711936778,0.9923603708198775,1.0034295711936778,0.9923603708198775,False,0.27391781152826833
24137.083555,423,24137.083415,1.0151925561123079,0.9798403536926183,1.0151925561123079,0.9798403536926183,False,0.9400688571688032
24137.124744,424,24137.115596,1.0135668681909427,0.9814449275108155,1.0135668681909427,0.9814449275108155,False,0.9763573217106066
24137.16728,425,24137.147338,1.0030181589754004,0.9943814420564878,1.0030181589754004,0.9943814420564878,False,0.3493106390491063
24137.16728,425,24137.179438,1.0145943994443292,0.9753342330938903,1.0145943994443292,0.9753342330938903,False,0.9641287122808111
24137.213128,426,24137.21139,1.0127659729585134,0.9725269017392089,1.0127659729585134,0.9725269017392089,False,0.9961024762691959
24137.254669,427,24137.247583,1.0158981589236942,0.977137358122957,1.0158981589236942,0.977137358122957,False,0.966623164827833
24137.297243,428,24137.279453,1.0180376446796857,0.9762728411496672,1.0180376446796857,0.9762728411496672,False,0.9962232959659774
24137.297243,428,24137.311338,1.0200953375431565,0.9756081485173853,1.0200953375431565,0.9756081485173853,False,0.9297696753921327
24137.339846,429,24137.343573000002,1.0097544759270405,0.9864520639579684,1.0097544759270405,0.9864520639579684,False,0.32814642064981486
24137.383032,430,24137.375368,0.9997249892598927,0.9986698376419973,0.9997249892598927,0.9986698376419973,True,0.39679496369513495
24137.426408,431,24137.407344,1.000156611821101,0.9994312478767852,1.000156611821101,0.9994312478767852,False,0.37936973196868623
24137.426408,431,24137.443341000002,1.0207399422218295,0.9800072616163342,1.0207399422218295,0.9800072616163342,False,0.9663277244479704
24137.471,432,24137.475469,1.0231125325023265,0.9775349725740692,1.0231125325023265,0.9775349725740692,False,0.9961743729058501
24137.513748,433,24137.50744,1.0255278019118876,0.984867297342657,1.0255278019118876,0.984867297342657,False,0.9844842973746217
24137.555596000002,434,24137.539317,1.0211310097381392,0.9769733228412439,1.0211310097381392,0.9769733228412439,False,0.9403023404852402
24137.555596000002,434,24137.571243000002,1.0198631306676422,0.9797871677311376,1.0198631306676422,0.9797871677311376,False,0.9671425454036133
24137.599082,435,24137.603418,1.0214395205719125,0.9802380396642509,1.0214395205719125,0.9802380396642509,False,0.3287679129818764
24137.640898,436,24137.635431,1.0184012924887846,0.9738249036816149,1.0184012924887846,0.9738249036816149,False,0.9441732448339502
24137.682314,437,24137.671497,1.0070859815648652,0.9892655709104665,1.0070859815648652,0.9892655709104665,False,0.3195921022006344
24137.723996,438,24137.7033,1.0069479061422237,0.9962861400171152,1.0069479061422237,0.9962861400171152,False,0.4777830190301969
24137.723996,438,24137.735537,1.0167206884488764,0.9828663192793325,1.0167206884488764,0.9828663192793325,False,0.9969061558282215
24137.771101000002,439,24137.767294,0.7340317775651831,1.0019620617178149,0.7340317775651831,1.0019620617178149,False,0.9876703787621847
24137.814992,440,24137.799619,0.6506216141907358,0.9883804930378488,0.6506216141907358,0.9883804930378488,True,0.8830367712859294
24137.814992,440,24137.831364,0.642323664201056,0.981361336246136,0.642323664201056,0.981361336246136,True,0.9985135000111155
24137.858596000002,441,24137.867356,0.6394898183203738,0.9744905068366163,0.6394898183203738,0.9744905068366163,True,0.9828046605572935
24137.901702,442,24137.899507000002,0.6411627135468824,0.9779072880665199,0.6411627135468824,0.9779072880665199,True,0.9988918777925735
24137.947282,443,24137.931483,0.6328042490116284,0.973922366036167,0.6328042490116284,0.973922366036167,True,0.8150061970185444
24137.947282,443,24137.963278,0.639449771641783,0.9726648331709172,0.639449771641783,0.9726648331709172,True,0.9988196697827203
24137.989852,444,24137.996358,0.6434878593200752,0.977606092867606,0.6434878593200752,0.977606092867606,True,0.9103807313192415
24138.031355,445,24138.027426,0.646354292009654,0.9749804700433085,0.646354292009654,0.9749804700433085,True,0.8827422685553605
24138.074229,446,24138.059451,0.7190768682736411,0.9849159606271786,0.7190768682736411,0.9849159606271786,True,0.3193403794273118
24138.074229,446,24138.095399,0.7582597909567892,0.9171408075493351,0.7582597909567892,0.9171408075493351,True,0.8780406651405281
24138.120333,447,24138.127565,0.7560963994230847,0.9228464687851886,0.7560963994230847,0.9228464687851886,True,0.9269323294666479
24138.165091,448,24138.159254000002,0.693234524723075,0.9077194840219546,0.693234524723075,0.9077194840219546,True,0.9346696013435145
24138.211996,449,24138.194770000002,0.5589881351119053,0.9116688779996791,0.5589881351119053,0.9116688779996791,True,0.26343036695696975
24138.211996,449,24138.223378,0.07035190862417177,0.512429430034296,0.07035190862417177,0.512429430034296,True,0.3239789708617708
24138.254831000002,450,24138.255418,-0.03537572951765178,0.4431651887716002,-0.03537572951765178,0.4431651887716002,False,0.3459661294167121
24138.298655,451,24138.292535,0.06751130785058562,0.6065737201651044,0.06751130785058562,0.6065737201651044,True,0.23909897801083427
24138.340743,452,24138.323479,0.10504253474718213,0.5286346603530445,0.10504253474718213,0.5286346603530445,True,0.998234418961953
24138.340743,452,24138.355313,0.10224437434748859,0.5203961996230758,0.10224437434748859,0.5203961996230758,True,0.9994869715154008
24138.381488,453,24138.387483000002,0.10194123239965149,0.5287574527942436,0.10194123239965149,0.5287574527942436,True,0.9993799061874116
24138.422907,454,24138.419449,0.10546897173064623,0.5292330289793155,0.10546897173064623,0.5292330289793155,True,0.8634767815685089
24138.466538,455,24138.451562000002,0.10298190937163375,0.5612193012807649,0.10298190937163375,0.5612193012807649,True,0.9995523294806943
24138.466538,455,24138.483350000002,0.10373441338000948,0.5716480255380247,0.10373441338000948,0.5716480255380247,True,0.9994157358498422
24138.507104,456,24138.519604,0.10693295820363477,0.5691652514229296,0.10693295820363477,0.5691652514229296,True,0.9994624518010423
24138.549687,457,24138.551366,0.10438212905038882,0.5752589434729326,0.10438212905038882,0.5752589434729326,True,0.9993015062499949
24138.590655,458,24138.583557,0.11303508519935317,0.5473491639244987,0.11303508519935317,0.5473491639244987,True,0.9631887140491108
24138.632905,459,24138.615469,0.12062814198948986,0.5275604669059246,0.12062814198948986,0.5275604669059246,True,0.9998457317087213
24138.632905,459,24138.647453,0.12720204921076628,0.5251014547687021,0.12720204921076628,0.5251014547687021,True,0.9995619936200113
24138.675619,460,24138.679379,0.12843742305057865,0.5233884825744273,0.12843742305057865,0.5233884825744273,True,0.9995782923773194
24138.716884,461,24138.71545,0.12422234750230642,0.5154527741409128,0.12422234750230642,0.5154527741409128,True,0.9679402109359538
24138.759983,462,24138.747392,0.12336469464270201,0.5137794698381141,0.12336469464270201,0.5137794698381141,True,0.8321440849861065
24138.759983,462,24138.779331,0.13579036059207525,0.5276170689954326,0.13579036059207525,0.5276170689954326,True,0.9646563277742413
24138.802732,463,24138.811451,0.143290025809004,0.5273628627308632,0.143290025809004,0.5273628627308632,True,0.985501502859697
24138.844873000002,464,24138.84342,0.14693154090062313,0.5266235930153504,0.14693154090062313,0.5266235930153504,True,0.99478084079996
24138.885733,465,24138.875455,0.14932495937467122,0.5265052545044292,0.14932495937467122,0.5265052545044292,True,0.9996245623895832
24138.928209,466,24138.907386,0.14814666281048688,0.5190365246137432,0.14814666281048688,0.5190365246137432,True,0.8949956929844656
24138.928209,466,24138.943346,0.14954590139142943,0.5259249908788973,0.14954590139142943,0.5259249908788973,True,0.9931453173206106
24138.970515,467,24138.97533,0.15195579484700572,0.5251741060751417,0.15195579484700572,0.5251741060751417,True,0.8911372605740229
24139.012892,468,24139.00743,0.15063248157893386,0.5229986795757681,0.15063248157893386,0.5229986795757681,True,0.9969535625548828
24139.055236,469,24139.039418,-0.03441774983726622,0.3894203628788906,-0.03441774983726622,0.3894203628788906,False,0.37341637047794807
24139.055236,469,24139.071392,-0.05232799495373005,0.3357098172071704,-0.05232799495373005,0.3357098172071704,False,0.25421232421283824
24139.097021,470,24139.103361,0.10442429543396194,0.5027557694723335,0.10442429543396194,0.5027557694723335,True,0.9997911557324395
24139.139433,471,24139.139289,0.09964404353569321,0.501462598950183,0.09964404353569321,0.501462598950183,True,0.9999227728933364
24139.181057,472,24139.171358,0.09716502535444561,0.4979655298968028,0.09716502535444561,0.4979655298968028,True,0.9998148557228058
24139.222755,473,24139.203621,0.09428364695221109,0.49443456826864196,0.09428364695221109,0.49443456826864196,True,0.9999451031536915
24139.222755,473,24139.2354,0.10154501159749028,0.4995052284522504,0.10154501159749028,0.4995052284522504,True,0.9998705513049516
